timeStamp,elapsed,label,responseCode,responseMessage,threadName,dataType,success,failureMessage,bytes,sentBytes,grpThreads,allThreads,URL,Latency,IdleTime,Connect
1676001675794,2267,/discovery-topup,200,OK,Distirbuted Load Test 1-2,text,true,,19163,179,3,3,https://api-staging-builder.engineer.ai/configurations,2026,0,1580
1676001676714,1455,/order-goride,200,OK,Distirbuted Load Test 1-3,text,true,,19156,179,3,3,https://api-staging-builder.engineer.ai/configurations,1201,0,660
1676001678063,323,/discovery-promos,200,OK,Distirbuted Load Test 1-2,text,true,,19156,179,3,3,https://api-staging-builder.engineer.ai/configurations,319,0,0
1676001678170,322,/payment-methods-goride,200,OK,Distirbuted Load Test 1-3,text,true,,19163,179,3,3,https://api-staging-builder.engineer.ai/configurations,319,0,0
1676001678388,337,/discovery-goride,200,OK,Distirbuted Load Test 1-2,text,true,,19163,179,3,3,https://api-staging-builder.engineer.ai/configurations,334,0,0
1676001678494,338,/set-pickup-location-goride,200,OK,Distirbuted Load Test 1-3,text,true,,19156,179,3,3,https://api-staging-builder.engineer.ai/configurations,335,0,0
1676001677711,1192,/discovery-topup,200,OK,Distirbuted Load Test 1-4,text,true,,19163,179,3,3,https://api-staging-builder.engineer.ai/configurations,924,0,575
1676001678726,315,/discovery-gocar,200,OK,Distirbuted Load Test 1-2,text,true,,19156,179,3,3,https://api-staging-builder.engineer.ai/configurations,312,0,0
1676001678833,315,/voucher-goride,200,OK,Distirbuted Load Test 1-3,text,true,,19163,179,2,2,https://api-staging-builder.engineer.ai/configurations,312,0,0
1676001678905,354,/discovery-promos,200,OK,Distirbuted Load Test 1-4,text,true,,19156,179,1,1,https://api-staging-builder.engineer.ai/configurations,351,0,0
1676001679260,401,/discovery-goride,200,OK,Distirbuted Load Test 1-4,text,true,,19163,179,1,1,https://api-staging-builder.engineer.ai/configurations,399,0,0
1676001679662,339,/discovery-gocar,200,OK,Distirbuted Load Test 1-4,text,true,,19156,179,2,2,https://api-staging-builder.engineer.ai/configurations,337,0,0
1676001680001,327,/topup-instant,200,OK,Distirbuted Load Test 1-4,text,true,,19163,179,2,2,https://api-staging-builder.engineer.ai/configurations,325,0,0
1676001680329,357,/topup-other-methods,200,OK,Distirbuted Load Test 1-4,text,true,,19156,179,2,2,https://api-staging-builder.engineer.ai/configurations,355,0,0
1676001679714,1137,/discovery-topup,200,OK,Distirbuted Load Test 1-6,text,true,,19163,179,2,2,https://api-staging-builder.engineer.ai/configurations,873,0,546
1676001680687,356,/order-gocar,200,OK,Distirbuted Load Test 1-4,text,true,,19163,179,2,2,https://api-staging-builder.engineer.ai/configurations,354,0,0
1676001680852,322,/discovery-promos,200,OK,Distirbuted Load Test 1-6,text,true,,19156,179,2,2,https://api-staging-builder.engineer.ai/configurations,319,0,0
1676001681044,363,/payment-methods-gocar,200,OK,Distirbuted Load Test 1-4,text,true,,19156,179,2,2,https://api-staging-builder.engineer.ai/configurations,351,0,0
1676001681175,345,/discovery-goride,200,OK,Distirbuted Load Test 1-6,text,true,,19163,179,2,2,https://api-staging-builder.engineer.ai/configurations,342,0,0
1676001681408,337,/set-pickup-location-gocar,200,OK,Distirbuted Load Test 1-4,text,true,,19163,179,3,3,https://api-staging-builder.engineer.ai/configurations,335,0,0
1676001681521,347,/discovery-gocar,200,OK,Distirbuted Load Test 1-6,text,true,,19156,179,3,3,https://api-staging-builder.engineer.ai/configurations,345,0,0
1676001681746,392,/voucher-gocar,200,OK,Distirbuted Load Test 1-4,text,true,,19156,179,2,2,https://api-staging-builder.engineer.ai/configurations,353,0,0
1676001681714,1134,/discovery-topup,200,OK,Distirbuted Load Test 1-8,text,true,,19163,179,1,1,https://api-staging-builder.engineer.ai/configurations,876,0,547
1676001682849,329,/discovery-promos,200,OK,Distirbuted Load Test 1-8,text,true,,19156,179,1,1,https://api-staging-builder.engineer.ai/configurations,327,0,0
1676001683179,333,/discovery-goride,200,OK,Distirbuted Load Test 1-8,text,true,,19163,179,1,1,https://api-staging-builder.engineer.ai/configurations,331,0,0
1676001683513,373,/discovery-gocar,200,OK,Distirbuted Load Test 1-8,text,true,,19156,179,2,2,https://api-staging-builder.engineer.ai/configurations,371,0,0
1676001683887,324,/order-goride,200,OK,Distirbuted Load Test 1-8,text,true,,19163,179,2,2,https://api-staging-builder.engineer.ai/configurations,322,0,0
1676001684212,358,/payment-methods-goride,200,OK,Distirbuted Load Test 1-8,text,true,,19156,179,2,2,https://api-staging-builder.engineer.ai/configurations,355,0,0
1676001683715,1151,/discovery-topup,200,OK,Distirbuted Load Test 1-10,text,true,,19156,179,3,3,https://api-staging-builder.engineer.ai/configurations,895,0,535
1676001684571,356,/set-pickup-location-goride,200,OK,Distirbuted Load Test 1-8,text,true,,19163,179,3,3,https://api-staging-builder.engineer.ai/configurations,355,0,0
1676001684867,341,/discovery-promos,200,OK,Distirbuted Load Test 1-10,text,true,,19163,179,3,3,https://api-staging-builder.engineer.ai/configurations,339,0,0
1676001684928,346,/voucher-goride,200,OK,Distirbuted Load Test 1-8,text,true,,19156,179,3,3,https://api-staging-builder.engineer.ai/configurations,345,0,0
1676001685210,317,/discovery-goride,200,OK,Distirbuted Load Test 1-10,text,true,,19156,179,2,2,https://api-staging-builder.engineer.ai/configurations,316,0,0
1676001684709,1102,/topup-instant,200,OK,Distirbuted Load Test 1-11,text,true,,19156,179,3,3,https://api-staging-builder.engineer.ai/configurations,847,0,527
1676001685529,328,/discovery-gocar,200,OK,Distirbuted Load Test 1-10,text,true,,19163,179,3,3,https://api-staging-builder.engineer.ai/configurations,326,0,0
1676001685813,323,/topup-other-methods,200,OK,Distirbuted Load Test 1-11,text,true,,19163,179,2,2,https://api-staging-builder.engineer.ai/configurations,321,0,0
1676001686137,328,/order-gocar,200,OK,Distirbuted Load Test 1-11,text,true,,19156,179,2,2,https://api-staging-builder.engineer.ai/configurations,327,0,0
1676001686467,343,/payment-methods-gocar,200,OK,Distirbuted Load Test 1-11,text,true,,19163,179,3,3,https://api-staging-builder.engineer.ai/configurations,341,0,0
1676001685712,1109,/discovery-topup,200,OK,Distirbuted Load Test 1-12,text,true,,19156,179,3,3,https://api-staging-builder.engineer.ai/configurations,850,0,530
1676001686811,320,/set-pickup-location-gocar,200,OK,Distirbuted Load Test 1-11,text,true,,19156,179,3,3,https://api-staging-builder.engineer.ai/configurations,319,0,0
1676001686822,316,/discovery-promos,200,OK,Distirbuted Load Test 1-12,text,true,,19163,179,3,3,https://api-staging-builder.engineer.ai/configurations,313,0,0
1676001687132,323,/voucher-gocar,200,OK,Distirbuted Load Test 1-11,text,true,,19163,179,3,3,https://api-staging-builder.engineer.ai/configurations,310,0,0
1676001687138,331,/discovery-goride,200,OK,Distirbuted Load Test 1-12,text,true,,19156,179,2,2,https://api-staging-builder.engineer.ai/configurations,330,0,0
1676001687470,316,/discovery-gocar,200,OK,Distirbuted Load Test 1-12,text,true,,19163,179,3,3,https://api-staging-builder.engineer.ai/configurations,315,0,0
1676001686715,1124,/order-goride,200,OK,Distirbuted Load Test 1-13,text,true,,19156,179,2,2,https://api-staging-builder.engineer.ai/configurations,858,0,535
1676001687839,338,/payment-methods-goride,200,OK,Distirbuted Load Test 1-13,text,true,,19163,179,2,2,https://api-staging-builder.engineer.ai/configurations,337,0,0
1676001688178,318,/set-pickup-location-goride,200,OK,Distirbuted Load Test 1-13,text,true,,19156,179,2,2,https://api-staging-builder.engineer.ai/configurations,317,0,0
1676001688497,348,/voucher-goride,200,OK,Distirbuted Load Test 1-13,text,true,,19163,179,2,2,https://api-staging-builder.engineer.ai/configurations,345,0,0
1676001687713,1202,/discovery-topup,200,OK,Distirbuted Load Test 1-14,text,true,,19163,179,1,1,https://api-staging-builder.engineer.ai/configurations,951,0,618
1676001688917,332,/discovery-promos,200,OK,Distirbuted Load Test 1-14,text,true,,19156,179,1,1,https://api-staging-builder.engineer.ai/configurations,330,0,0
1676001689251,328,/discovery-goride,200,OK,Distirbuted Load Test 1-14,text,true,,19163,179,1,1,https://api-staging-builder.engineer.ai/configurations,327,0,0
1676001689581,338,/discovery-gocar,200,OK,Distirbuted Load Test 1-14,text,true,,19156,179,2,2,https://api-staging-builder.engineer.ai/configurations,336,0,0
1676001689716,1098,/discovery-topup,200,OK,Distirbuted Load Test 1-16,text,true,,19156,179,2,2,https://api-staging-builder.engineer.ai/configurations,844,0,528
1676001690820,358,/discovery-promos,200,OK,Distirbuted Load Test 1-16,text,true,,19163,179,2,2,https://api-staging-builder.engineer.ai/configurations,356,0,0
1676001691180,346,/discovery-goride,200,OK,Distirbuted Load Test 1-16,text,true,,19163,179,2,2,https://api-staging-builder.engineer.ai/configurations,343,0,0
1676001690711,1115,/topup-instant,200,OK,Distirbuted Load Test 1-17,text,true,,19163,179,3,3,https://api-staging-builder.engineer.ai/configurations,862,0,512
1676001691527,328,/discovery-gocar,200,OK,Distirbuted Load Test 1-16,text,true,,19163,179,3,3,https://api-staging-builder.engineer.ai/configurations,328,0,0
1676001691827,314,/topup-other-methods,200,OK,Distirbuted Load Test 1-17,text,true,,19156,179,2,2,https://api-staging-builder.engineer.ai/configurations,312,0,0
1676001692142,333,/order-gocar,200,OK,Distirbuted Load Test 1-17,text,true,,19163,179,2,2,https://api-staging-builder.engineer.ai/configurations,332,0,0
1676001691710,1083,/discovery-topup,200,OK,Distirbuted Load Test 1-18,text,true,,19156,179,2,2,https://api-staging-builder.engineer.ai/configurations,833,0,521
1676001692477,356,/payment-methods-gocar,200,OK,Distirbuted Load Test 1-17,text,true,,19156,179,2,2,https://api-staging-builder.engineer.ai/configurations,355,0,0
1676001692795,332,/discovery-promos,200,OK,Distirbuted Load Test 1-18,text,true,,19163,179,2,2,https://api-staging-builder.engineer.ai/configurations,331,0,0
1676001692834,329,/set-pickup-location-gocar,200,OK,Distirbuted Load Test 1-17,text,true,,19163,179,2,2,https://api-staging-builder.engineer.ai/configurations,327,0,0
1676001693129,324,/discovery-goride,200,OK,Distirbuted Load Test 1-18,text,true,,19156,179,2,2,https://api-staging-builder.engineer.ai/configurations,322,0,0
1676001693164,338,/voucher-gocar,200,OK,Distirbuted Load Test 1-17,text,true,,19156,179,2,2,https://api-staging-builder.engineer.ai/configurations,337,0,0
1676001693454,321,/discovery-gocar,200,OK,Distirbuted Load Test 1-18,text,true,,19163,179,2,2,https://api-staging-builder.engineer.ai/configurations,320,0,0
1676001693776,310,/order-goride,200,OK,Distirbuted Load Test 1-18,text,true,,19156,179,2,2,https://api-staging-builder.engineer.ai/configurations,309,0,0
1676001694087,322,/payment-methods-goride,200,OK,Distirbuted Load Test 1-18,text,true,,19162,179,2,2,https://api-staging-builder.engineer.ai/configurations,320,0,0
1676001694410,323,/set-pickup-location-goride,200,OK,Distirbuted Load Test 1-18,text,true,,19156,179,2,2,https://api-staging-builder.engineer.ai/configurations,322,0,0
1676001693713,1114,/discovery-topup,200,OK,Distirbuted Load Test 1-20,text,true,,19163,179,2,2,https://api-staging-builder.engineer.ai/configurations,859,0,534
1676001694735,326,/voucher-goride,200,OK,Distirbuted Load Test 1-18,text,true,,19163,179,2,2,https://api-staging-builder.engineer.ai/configurations,324,0,0
1676001694828,308,/discovery-promos,200,OK,Distirbuted Load Test 1-20,text,true,,19156,179,1,1,https://api-staging-builder.engineer.ai/configurations,307,0,0
1676001695138,343,/discovery-goride,200,OK,Distirbuted Load Test 1-20,text,true,,19163,179,1,1,https://api-staging-builder.engineer.ai/configurations,342,0,0
1676001695482,339,/discovery-gocar,200,OK,Distirbuted Load Test 1-20,text,true,,19156,179,2,2,https://api-staging-builder.engineer.ai/configurations,338,0,0
1676001695714,1110,/discovery-topup,200,OK,Distirbuted Load Test 1-22,text,true,,19156,179,2,2,https://api-staging-builder.engineer.ai/configurations,855,0,534
1676001696824,317,/discovery-promos,200,OK,Distirbuted Load Test 1-22,text,true,,19163,179,2,2,https://api-staging-builder.engineer.ai/configurations,315,0,0
1676001697142,337,/discovery-goride,200,OK,Distirbuted Load Test 1-22,text,true,,19156,179,2,2,https://api-staging-builder.engineer.ai/configurations,336,0,0
1676001696714,1085,/order-goride,200,OK,Distirbuted Load Test 1-23,text,true,,19156,179,3,3,https://api-staging-builder.engineer.ai/configurations,829,0,525
1676001697481,332,/discovery-gocar,200,OK,Distirbuted Load Test 1-22,text,true,,19163,179,3,3,https://api-staging-builder.engineer.ai/configurations,329,0,0
1676001697800,317,/payment-methods-goride,200,OK,Distirbuted Load Test 1-23,text,true,,19163,179,2,2,https://api-staging-builder.engineer.ai/configurations,315,0,0
1676001698118,309,/set-pickup-location-goride,200,OK,Distirbuted Load Test 1-23,text,true,,19156,179,2,2,https://api-staging-builder.engineer.ai/configurations,307,0,0
1676001698427,413,/voucher-goride,200,OK,Distirbuted Load Test 1-23,text,true,,19156,179,2,2,https://api-staging-builder.engineer.ai/configurations,412,0,0
1676001697715,1145,/discovery-topup,200,OK,Distirbuted Load Test 1-24,text,true,,19163,179,1,1,https://api-staging-builder.engineer.ai/configurations,884,0,546
1676001698861,355,/discovery-promos,200,OK,Distirbuted Load Test 1-24,text,true,,19169,179,1,1,https://api-staging-builder.engineer.ai/configurations,353,0,0
1676001699217,330,/discovery-goride,200,OK,Distirbuted Load Test 1-24,text,true,,19156,179,1,1,https://api-staging-builder.engineer.ai/configurations,329,0,0
1676001699548,344,/discovery-gocar,200,OK,Distirbuted Load Test 1-24,text,true,,19163,179,2,2,https://api-staging-builder.engineer.ai/configurations,343,0,0
1676001699893,317,/topup-instant,200,OK,Distirbuted Load Test 1-24,text,true,,19156,179,2,2,https://api-staging-builder.engineer.ai/configurations,315,0,0
1676001700211,364,/topup-other-methods,200,OK,Distirbuted Load Test 1-24,text,true,,19163,179,2,2,https://api-staging-builder.engineer.ai/configurations,363,0,0
1676001699714,1139,/discovery-topup,200,OK,Distirbuted Load Test 1-26,text,true,,19156,179,2,2,https://api-staging-builder.engineer.ai/configurations,869,0,531
1676001700576,346,/order-gocar,200,OK,Distirbuted Load Test 1-24,text,true,,19156,179,2,2,https://api-staging-builder.engineer.ai/configurations,321,0,0
1676001700854,325,/discovery-promos,200,OK,Distirbuted Load Test 1-26,text,true,,19163,179,2,2,https://api-staging-builder.engineer.ai/configurations,324,0,0
1676001700924,405,/payment-methods-gocar,200,OK,Distirbuted Load Test 1-24,text,true,,19156,179,2,2,https://api-staging-builder.engineer.ai/configurations,404,0,0
1676001701180,327,/discovery-goride,200,OK,Distirbuted Load Test 1-26,text,true,,19156,179,2,2,https://api-staging-builder.engineer.ai/configurations,327,0,0
1676001701330,405,/set-pickup-location-gocar,200,OK,Distirbuted Load Test 1-24,text,true,,19163,179,3,3,https://api-staging-builder.engineer.ai/configurations,405,0,0
1676001701509,359,/discovery-gocar,200,OK,Distirbuted Load Test 1-26,text,true,,19169,179,3,3,https://api-staging-builder.engineer.ai/configurations,357,0,0
1676001701736,315,/voucher-gocar,200,OK,Distirbuted Load Test 1-24,text,true,,19156,179,2,2,https://api-staging-builder.engineer.ai/configurations,314,0,0
1676001701713,1130,/discovery-topup,200,OK,Distirbuted Load Test 1-28,text,true,,19156,179,1,1,https://api-staging-builder.engineer.ai/configurations,869,0,531
1676001702844,317,/discovery-promos,200,OK,Distirbuted Load Test 1-28,text,true,,19162,179,1,1,https://api-staging-builder.engineer.ai/configurations,316,0,0
1676001703163,453,/discovery-goride,200,OK,Distirbuted Load Test 1-28,text,true,,19163,179,1,1,https://api-staging-builder.engineer.ai/configurations,453,0,0
1676001703618,358,/discovery-gocar,200,OK,Distirbuted Load Test 1-28,text,true,,19163,179,2,2,https://api-staging-builder.engineer.ai/configurations,357,0,0
1676001703977,330,/order-goride,200,OK,Distirbuted Load Test 1-28,text,true,,19156,179,2,2,https://api-staging-builder.engineer.ai/configurations,329,0,0
1676001704308,366,/payment-methods-goride,200,OK,Distirbuted Load Test 1-28,text,true,,19163,179,2,2,https://api-staging-builder.engineer.ai/configurations,365,0,0
1676001703714,1137,/discovery-topup,200,OK,Distirbuted Load Test 1-30,text,true,,19162,179,3,3,https://api-staging-builder.engineer.ai/configurations,877,0,535
1676001704676,332,/set-pickup-location-goride,200,OK,Distirbuted Load Test 1-28,text,true,,19156,179,3,3,https://api-staging-builder.engineer.ai/configurations,331,0,0
1676001704852,321,/discovery-promos,200,OK,Distirbuted Load Test 1-30,text,true,,19156,179,3,3,https://api-staging-builder.engineer.ai/configurations,320,0,0
1676001705009,339,/voucher-goride,200,OK,Distirbuted Load Test 1-28,text,true,,19163,179,3,3,https://api-staging-builder.engineer.ai/configurations,326,0,0
1676001705174,332,/discovery-goride,200,OK,Distirbuted Load Test 1-30,text,true,,19163,179,2,2,https://api-staging-builder.engineer.ai/configurations,331,0,0
1676001704714,1118,/topup-instant,200,OK,Distirbuted Load Test 1-31,text,true,,19156,179,3,3,https://api-staging-builder.engineer.ai/configurations,853,0,531
1676001705506,327,/discovery-gocar,200,OK,Distirbuted Load Test 1-30,text,true,,19163,179,3,3,https://api-staging-builder.engineer.ai/configurations,326,0,0
1676001705833,332,/topup-other-methods,200,OK,Distirbuted Load Test 1-31,text,true,,19156,179,2,2,https://api-staging-builder.engineer.ai/configurations,332,0,0
1676001706165,342,/order-gocar,200,OK,Distirbuted Load Test 1-31,text,true,,19163,179,2,2,https://api-staging-builder.engineer.ai/configurations,341,0,0
1676001706508,329,/payment-methods-gocar,200,OK,Distirbuted Load Test 1-31,text,true,,19163,179,3,3,https://api-staging-builder.engineer.ai/configurations,324,0,0
1676001705714,1155,/discovery-topup,200,OK,Distirbuted Load Test 1-32,text,true,,19162,179,3,3,https://api-staging-builder.engineer.ai/configurations,897,0,560
1676001706838,321,/set-pickup-location-gocar,200,OK,Distirbuted Load Test 1-31,text,true,,19156,179,3,3,https://api-staging-builder.engineer.ai/configurations,321,0,0
1676001706869,331,/discovery-promos,200,OK,Distirbuted Load Test 1-32,text,true,,19162,179,3,3,https://api-staging-builder.engineer.ai/configurations,331,0,0
1676001707161,333,/voucher-gocar,200,OK,Distirbuted Load Test 1-31,text,true,,19156,179,3,3,https://api-staging-builder.engineer.ai/configurations,332,0,0
1676001707201,336,/discovery-goride,200,OK,Distirbuted Load Test 1-32,text,true,,19162,179,2,2,https://api-staging-builder.engineer.ai/configurations,335,0,0
1676001706715,1182,/order-goride,200,OK,Distirbuted Load Test 1-33,text,true,,19162,179,3,3,https://api-staging-builder.engineer.ai/configurations,921,0,550
1676001707538,386,/discovery-gocar,200,OK,Distirbuted Load Test 1-32,text,true,,19156,179,3,3,https://api-staging-builder.engineer.ai/configurations,385,0,0
1676001707898,339,/payment-methods-goride,200,OK,Distirbuted Load Test 1-33,text,true,,19156,179,2,2,https://api-staging-builder.engineer.ai/configurations,339,0,0
1676001708239,351,/set-pickup-location-goride,200,OK,Distirbuted Load Test 1-33,text,true,,19163,179,2,2,https://api-staging-builder.engineer.ai/configurations,350,0,0
1676001707716,1146,/discovery-topup,200,OK,Distirbuted Load Test 1-34,text,true,,19163,179,2,2,https://api-staging-builder.engineer.ai/configurations,891,0,530
1676001708591,354,/voucher-goride,200,OK,Distirbuted Load Test 1-33,text,true,,19163,179,2,2,https://api-staging-builder.engineer.ai/configurations,353,0,0
1676001708863,318,/discovery-promos,200,OK,Distirbuted Load Test 1-34,text,true,,19156,179,1,1,https://api-staging-builder.engineer.ai/configurations,317,0,0
1676001709182,347,/discovery-goride,200,OK,Distirbuted Load Test 1-34,text,true,,19162,179,1,1,https://api-staging-builder.engineer.ai/configurations,346,0,0
1676001709530,333,/discovery-gocar,200,OK,Distirbuted Load Test 1-34,text,true,,19156,179,2,2,https://api-staging-builder.engineer.ai/configurations,332,0,0
1676001709713,1172,/discovery-topup,200,OK,Distirbuted Load Test 1-36,text,true,,19163,179,2,2,https://api-staging-builder.engineer.ai/configurations,917,0,566
1676001710886,311,/discovery-promos,200,OK,Distirbuted Load Test 1-36,text,true,,19156,179,2,2,https://api-staging-builder.engineer.ai/configurations,310,0,0
1676001711198,346,/discovery-goride,200,OK,Distirbuted Load Test 1-36,text,true,,19163,179,2,2,https://api-staging-builder.engineer.ai/configurations,345,0,0
1676001710710,1087,/topup-instant,200,OK,Distirbuted Load Test 1-37,text,true,,19156,179,3,3,https://api-staging-builder.engineer.ai/configurations,826,0,520
1676001711545,333,/discovery-gocar,200,OK,Distirbuted Load Test 1-36,text,true,,19156,179,3,3,https://api-staging-builder.engineer.ai/configurations,332,0,0
1676001711798,329,/topup-other-methods,200,OK,Distirbuted Load Test 1-37,text,true,,19163,179,2,2,https://api-staging-builder.engineer.ai/configurations,326,0,0
1676001712129,310,/order-gocar,200,OK,Distirbuted Load Test 1-37,text,true,,19156,179,2,2,https://api-staging-builder.engineer.ai/configurations,309,0,0
1676001712440,331,/payment-methods-gocar,200,OK,Distirbuted Load Test 1-37,text,true,,19163,179,2,2,https://api-staging-builder.engineer.ai/configurations,329,0,0
1676001711715,1151,/discovery-topup,200,OK,Distirbuted Load Test 1-38,text,true,,19156,179,2,2,https://api-staging-builder.engineer.ai/configurations,899,0,567
1676001712771,316,/set-pickup-location-gocar,200,OK,Distirbuted Load Test 1-37,text,true,,19156,179,2,2,https://api-staging-builder.engineer.ai/configurations,315,0,0
1676001712867,318,/discovery-promos,200,OK,Distirbuted Load Test 1-38,text,true,,19163,179,2,2,https://api-staging-builder.engineer.ai/configurations,316,0,0
1676001713088,329,/voucher-gocar,200,OK,Distirbuted Load Test 1-37,text,true,,19163,179,2,2,https://api-staging-builder.engineer.ai/configurations,328,0,0
1676001713186,331,/discovery-goride,200,OK,Distirbuted Load Test 1-38,text,true,,19156,179,1,1,https://api-staging-builder.engineer.ai/configurations,328,0,0
1676001713518,350,/discovery-gocar,200,OK,Distirbuted Load Test 1-38,text,true,,19163,179,2,2,https://api-staging-builder.engineer.ai/configurations,348,0,0
1676001713869,329,/order-goride,200,OK,Distirbuted Load Test 1-38,text,true,,19156,179,2,2,https://api-staging-builder.engineer.ai/configurations,328,0,0
1676001714199,318,/payment-methods-goride,200,OK,Distirbuted Load Test 1-38,text,true,,19163,179,2,2,https://api-staging-builder.engineer.ai/configurations,317,0,0
1676001713715,1131,/discovery-topup,200,OK,Distirbuted Load Test 1-40,text,true,,19163,179,2,2,https://api-staging-builder.engineer.ai/configurations,876,0,557
1676001714518,328,/set-pickup-location-goride,200,OK,Distirbuted Load Test 1-38,text,true,,19156,179,2,2,https://api-staging-builder.engineer.ai/configurations,327,0,0
1676001714847,316,/voucher-goride,200,OK,Distirbuted Load Test 1-38,text,true,,19163,179,2,2,https://api-staging-builder.engineer.ai/configurations,315,0,0
1676001714847,330,/discovery-promos,200,OK,Distirbuted Load Test 1-40,text,true,,19156,179,1,1,https://api-staging-builder.engineer.ai/configurations,330,0,0
1676001715178,322,/discovery-goride,200,OK,Distirbuted Load Test 1-40,text,true,,19163,179,1,1,https://api-staging-builder.engineer.ai/configurations,321,0,0
1676001715501,331,/discovery-gocar,200,OK,Distirbuted Load Test 1-40,text,true,,19156,179,2,2,https://api-staging-builder.engineer.ai/configurations,330,0,0
1676001715715,1105,/discovery-topup,200,OK,Distirbuted Load Test 1-42,text,true,,19162,179,2,2,https://api-staging-builder.engineer.ai/configurations,845,0,521
1676001716821,344,/discovery-promos,200,OK,Distirbuted Load Test 1-42,text,true,,19156,179,2,2,https://api-staging-builder.engineer.ai/configurations,333,0,0
1676001717166,332,/discovery-goride,200,OK,Distirbuted Load Test 1-42,text,true,,19163,179,2,2,https://api-staging-builder.engineer.ai/configurations,331,0,0
1676001716713,1098,/order-goride,200,OK,Distirbuted Load Test 1-43,text,true,,19163,179,3,3,https://api-staging-builder.engineer.ai/configurations,846,0,527
1676001717499,332,/discovery-gocar,200,OK,Distirbuted Load Test 1-42,text,true,,19156,179,3,3,https://api-staging-builder.engineer.ai/configurations,331,0,0
1676001717812,326,/payment-methods-goride,200,OK,Distirbuted Load Test 1-43,text,true,,19156,179,2,2,https://api-staging-builder.engineer.ai/configurations,325,0,0
1676001718139,326,/set-pickup-location-goride,200,OK,Distirbuted Load Test 1-43,text,true,,19163,179,2,2,https://api-staging-builder.engineer.ai/configurations,325,0,0
1676001718466,323,/voucher-goride,200,OK,Distirbuted Load Test 1-43,text,true,,19163,179,2,2,https://api-staging-builder.engineer.ai/configurations,322,0,0
1676001717714,1130,/discovery-topup,200,OK,Distirbuted Load Test 1-44,text,true,,19156,179,1,1,https://api-staging-builder.engineer.ai/configurations,867,0,538
1676001718845,335,/discovery-promos,200,OK,Distirbuted Load Test 1-44,text,true,,19156,179,1,1,https://api-staging-builder.engineer.ai/configurations,334,0,0
1676001719181,327,/discovery-goride,200,OK,Distirbuted Load Test 1-44,text,true,,19163,179,1,1,https://api-staging-builder.engineer.ai/configurations,326,0,0
1676001719509,362,/discovery-gocar,200,OK,Distirbuted Load Test 1-44,text,true,,19156,179,2,2,https://api-staging-builder.engineer.ai/configurations,361,0,0
1676001719872,335,/topup-instant,200,OK,Distirbuted Load Test 1-44,text,true,,19163,179,2,2,https://api-staging-builder.engineer.ai/configurations,334,0,0
1676001720209,340,/topup-other-methods,200,OK,Distirbuted Load Test 1-44,text,true,,19156,179,2,2,https://api-staging-builder.engineer.ai/configurations,338,0,0
1676001719714,1132,/discovery-topup,200,OK,Distirbuted Load Test 1-46,text,true,,19163,179,2,2,https://api-staging-builder.engineer.ai/configurations,876,0,531
1676001720550,337,/order-gocar,200,OK,Distirbuted Load Test 1-44,text,true,,19163,179,2,2,https://api-staging-builder.engineer.ai/configurations,335,0,0
1676001720847,318,/discovery-promos,200,OK,Distirbuted Load Test 1-46,text,true,,19156,179,2,2,https://api-staging-builder.engineer.ai/configurations,317,0,0
1676001720887,329,/payment-methods-gocar,200,OK,Distirbuted Load Test 1-44,text,true,,19156,179,2,2,https://api-staging-builder.engineer.ai/configurations,328,0,0
1676001721166,339,/discovery-goride,200,OK,Distirbuted Load Test 1-46,text,true,,19163,179,2,2,https://api-staging-builder.engineer.ai/configurations,338,0,0
1676001721216,339,/set-pickup-location-gocar,200,OK,Distirbuted Load Test 1-44,text,true,,19163,179,2,2,https://api-staging-builder.engineer.ai/configurations,337,0,0
1676001721506,341,/discovery-gocar,200,OK,Distirbuted Load Test 1-46,text,true,,19156,179,3,3,https://api-staging-builder.engineer.ai/configurations,340,0,0
1676001721556,342,/voucher-gocar,200,OK,Distirbuted Load Test 1-44,text,true,,19156,179,2,2,https://api-staging-builder.engineer.ai/configurations,341,0,0
1676001721714,1125,/discovery-topup,200,OK,Distirbuted Load Test 1-48,text,true,,19163,179,1,1,https://api-staging-builder.engineer.ai/configurations,849,0,533
1676001722840,327,/discovery-promos,200,OK,Distirbuted Load Test 1-48,text,true,,19156,179,1,1,https://api-staging-builder.engineer.ai/configurations,326,0,0
1676001723168,323,/discovery-goride,200,OK,Distirbuted Load Test 1-48,text,true,,19163,179,1,1,https://api-staging-builder.engineer.ai/configurations,322,0,0
1676001723493,318,/discovery-gocar,200,OK,Distirbuted Load Test 1-48,text,true,,19156,179,2,2,https://api-staging-builder.engineer.ai/configurations,317,0,0
1676001723812,322,/order-goride,200,OK,Distirbuted Load Test 1-48,text,true,,19163,179,2,2,https://api-staging-builder.engineer.ai/configurations,320,0,0
1676001724135,343,/payment-methods-goride,200,OK,Distirbuted Load Test 1-48,text,true,,19156,179,2,2,https://api-staging-builder.engineer.ai/configurations,342,0,0
1676001724479,325,/set-pickup-location-goride,200,OK,Distirbuted Load Test 1-48,text,true,,19163,179,3,3,https://api-staging-builder.engineer.ai/configurations,324,0,0
1676001723709,1129,/discovery-topup,200,OK,Distirbuted Load Test 1-50,text,true,,19156,179,3,3,https://api-staging-builder.engineer.ai/configurations,867,0,540
1676001724805,316,/voucher-goride,200,OK,Distirbuted Load Test 1-48,text,true,,19156,179,3,3,https://api-staging-builder.engineer.ai/configurations,314,0,0
1676001724839,333,/discovery-promos,200,OK,Distirbuted Load Test 1-50,text,true,,19163,179,2,2,https://api-staging-builder.engineer.ai/configurations,332,0,0
1676001725173,323,/discovery-goride,200,OK,Distirbuted Load Test 1-50,text,true,,19156,179,2,2,https://api-staging-builder.engineer.ai/configurations,322,0,0
1676001725497,358,/discovery-gocar,200,OK,Distirbuted Load Test 1-50,text,true,,19163,179,3,3,https://api-staging-builder.engineer.ai/configurations,357,0,0
1676001724715,1278,/topup-instant,200,OK,Distirbuted Load Test 1-51,text,true,,19163,179,2,2,https://api-staging-builder.engineer.ai/configurations,1022,0,635
1676001725994,349,/topup-other-methods,200,OK,Distirbuted Load Test 1-51,text,true,,19156,179,2,2,https://api-staging-builder.engineer.ai/configurations,348,0,0
1676001726344,329,/order-gocar,200,OK,Distirbuted Load Test 1-51,text,true,,19163,179,2,2,https://api-staging-builder.engineer.ai/configurations,328,0,0
1676001725713,1110,/discovery-topup,200,OK,Distirbuted Load Test 1-52,text,true,,19163,179,3,3,https://api-staging-builder.engineer.ai/configurations,853,0,529
1676001726674,325,/payment-methods-gocar,200,OK,Distirbuted Load Test 1-51,text,true,,19156,179,3,3,https://api-staging-builder.engineer.ai/configurations,324,0,0
1676001726824,337,/discovery-promos,200,OK,Distirbuted Load Test 1-52,text,true,,19156,179,3,3,https://api-staging-builder.engineer.ai/configurations,335,0,0
1676001726999,345,/set-pickup-location-gocar,200,OK,Distirbuted Load Test 1-51,text,true,,19163,179,3,3,https://api-staging-builder.engineer.ai/configurations,344,0,0
1676001727162,327,/discovery-goride,200,OK,Distirbuted Load Test 1-52,text,true,,19163,179,3,3,https://api-staging-builder.engineer.ai/configurations,326,0,0
1676001727345,327,/voucher-gocar,200,OK,Distirbuted Load Test 1-51,text,true,,19156,179,3,3,https://api-staging-builder.engineer.ai/configurations,327,0,0
1676001727490,338,/discovery-gocar,200,OK,Distirbuted Load Test 1-52,text,true,,19156,179,3,3,https://api-staging-builder.engineer.ai/configurations,336,0,0
1676001726713,1134,/order-goride,200,OK,Distirbuted Load Test 1-53,text,true,,19156,179,2,2,https://api-staging-builder.engineer.ai/configurations,874,0,536
1676001727848,355,/payment-methods-goride,200,OK,Distirbuted Load Test 1-53,text,true,,19163,179,2,2,https://api-staging-builder.engineer.ai/configurations,355,0,0
1676001728204,325,/set-pickup-location-goride,200,OK,Distirbuted Load Test 1-53,text,true,,19162,179,2,2,https://api-staging-builder.engineer.ai/configurations,323,0,0
1676001727713,1138,/discovery-topup,200,OK,Distirbuted Load Test 1-54,text,true,,19163,179,2,2,https://api-staging-builder.engineer.ai/configurations,877,0,540
1676001728530,400,/voucher-goride,200,OK,Distirbuted Load Test 1-53,text,true,,19163,179,2,2,https://api-staging-builder.engineer.ai/configurations,396,0,0
1676001728852,341,/discovery-promos,200,OK,Distirbuted Load Test 1-54,text,true,,19156,179,1,1,https://api-staging-builder.engineer.ai/configurations,340,0,0
1676001729194,361,/discovery-goride,200,OK,Distirbuted Load Test 1-54,text,true,,19163,179,1,1,https://api-staging-builder.engineer.ai/configurations,355,0,0
1676001729556,349,/discovery-gocar,200,OK,Distirbuted Load Test 1-54,text,true,,19156,179,2,2,https://api-staging-builder.engineer.ai/configurations,346,0,0
1676001729714,1154,/discovery-topup,200,OK,Distirbuted Load Test 1-56,text,true,,19156,179,2,2,https://api-staging-builder.engineer.ai/configurations,899,0,565
1676001730869,321,/discovery-promos,200,OK,Distirbuted Load Test 1-56,text,true,,19163,179,2,2,https://api-staging-builder.engineer.ai/configurations,320,0,0
1676001731191,329,/discovery-goride,200,OK,Distirbuted Load Test 1-56,text,true,,19156,179,2,2,https://api-staging-builder.engineer.ai/configurations,329,0,0
1676001730709,1162,/topup-instant,200,OK,Distirbuted Load Test 1-57,text,true,,19156,179,3,3,https://api-staging-builder.engineer.ai/configurations,904,0,532
1676001731521,368,/discovery-gocar,200,OK,Distirbuted Load Test 1-56,text,true,,19163,179,3,3,https://api-staging-builder.engineer.ai/configurations,366,0,0
1676001731872,332,/topup-other-methods,200,OK,Distirbuted Load Test 1-57,text,true,,19163,179,2,2,https://api-staging-builder.engineer.ai/configurations,331,0,0
1676001732205,331,/order-gocar,200,OK,Distirbuted Load Test 1-57,text,true,,19156,179,2,2,https://api-staging-builder.engineer.ai/configurations,331,0,0
1676001732537,334,/payment-methods-gocar,200,OK,Distirbuted Load Test 1-57,text,true,,19163,179,2,2,https://api-staging-builder.engineer.ai/configurations,333,0,0
1676001731709,1175,/discovery-topup,200,OK,Distirbuted Load Test 1-58,text,true,,19163,179,2,2,https://api-staging-builder.engineer.ai/configurations,917,0,529
1676001732872,347,/set-pickup-location-gocar,200,OK,Distirbuted Load Test 1-57,text,true,,19156,179,2,2,https://api-staging-builder.engineer.ai/configurations,346,0,0
1676001732885,343,/discovery-promos,200,OK,Distirbuted Load Test 1-58,text,true,,19156,179,2,2,https://api-staging-builder.engineer.ai/configurations,342,0,0
1676001733220,362,/voucher-gocar,200,OK,Distirbuted Load Test 1-57,text,true,,19163,179,2,2,https://api-staging-builder.engineer.ai/configurations,359,0,0
1676001733228,364,/discovery-goride,200,OK,Distirbuted Load Test 1-58,text,true,,19163,179,1,1,https://api-staging-builder.engineer.ai/configurations,362,0,0
1676001733593,310,/discovery-gocar,200,OK,Distirbuted Load Test 1-58,text,true,,19156,179,2,2,https://api-staging-builder.engineer.ai/configurations,309,0,0
1676001733904,329,/order-goride,200,OK,Distirbuted Load Test 1-58,text,true,,19162,179,2,2,https://api-staging-builder.engineer.ai/configurations,329,0,0
1676001734234,310,/payment-methods-goride,200,OK,Distirbuted Load Test 1-58,text,true,,19156,179,2,2,https://api-staging-builder.engineer.ai/configurations,309,0,0
1676001733710,1157,/discovery-topup,200,OK,Distirbuted Load Test 1-60,text,true,,19163,179,2,2,https://api-staging-builder.engineer.ai/configurations,894,0,544
1676001734545,334,/set-pickup-location-goride,200,OK,Distirbuted Load Test 1-58,text,true,,19163,179,2,2,https://api-staging-builder.engineer.ai/configurations,322,0,0
1676001734868,329,/discovery-promos,200,OK,Distirbuted Load Test 1-60,text,true,,19156,179,2,2,https://api-staging-builder.engineer.ai/configurations,329,0,0
1676001734880,321,/voucher-goride,200,OK,Distirbuted Load Test 1-58,text,true,,19156,179,2,2,https://api-staging-builder.engineer.ai/configurations,319,0,0
1676001735199,325,/discovery-goride,200,OK,Distirbuted Load Test 1-60,text,true,,19163,179,1,1,https://api-staging-builder.engineer.ai/configurations,322,0,0
1676001735525,364,/discovery-gocar,200,OK,Distirbuted Load Test 1-60,text,true,,19156,179,2,2,https://api-staging-builder.engineer.ai/configurations,363,0,0
1676001735714,1086,/discovery-topup,200,OK,Distirbuted Load Test 1-62,text,true,,19163,179,2,2,https://api-staging-builder.engineer.ai/configurations,838,0,516
1676001736801,319,/discovery-promos,200,OK,Distirbuted Load Test 1-62,text,true,,19156,179,2,2,https://api-staging-builder.engineer.ai/configurations,318,0,0
1676001737121,323,/discovery-goride,200,OK,Distirbuted Load Test 1-62,text,true,,19163,179,2,2,https://api-staging-builder.engineer.ai/configurations,323,0,0
1676001737445,371,/discovery-gocar,200,OK,Distirbuted Load Test 1-62,text,true,,19156,179,3,3,https://api-staging-builder.engineer.ai/configurations,371,0,0
1676001736713,1159,/order-goride,200,OK,Distirbuted Load Test 1-63,text,true,,19156,179,2,2,https://api-staging-builder.engineer.ai/configurations,899,0,538
1676001737873,335,/payment-methods-goride,200,OK,Distirbuted Load Test 1-63,text,true,,19163,179,2,2,https://api-staging-builder.engineer.ai/configurations,329,0,0
1676001738209,344,/set-pickup-location-goride,200,OK,Distirbuted Load Test 1-63,text,true,,19156,179,2,2,https://api-staging-builder.engineer.ai/configurations,343,0,0
1676001737714,1121,/discovery-topup,200,OK,Distirbuted Load Test 1-64,text,true,,19156,179,2,2,https://api-staging-builder.engineer.ai/configurations,860,0,538
1676001738554,344,/voucher-goride,200,OK,Distirbuted Load Test 1-63,text,true,,19163,179,2,2,https://api-staging-builder.engineer.ai/configurations,342,0,0
1676001738836,328,/discovery-promos,200,OK,Distirbuted Load Test 1-64,text,true,,19163,179,1,1,https://api-staging-builder.engineer.ai/configurations,327,0,0
1676001739164,330,/discovery-goride,200,OK,Distirbuted Load Test 1-64,text,true,,19156,179,1,1,https://api-staging-builder.engineer.ai/configurations,329,0,0
1676001739495,334,/discovery-gocar,200,OK,Distirbuted Load Test 1-64,text,true,,19169,179,2,2,https://api-staging-builder.engineer.ai/configurations,333,0,0
1676001739831,329,/topup-instant,200,OK,Distirbuted Load Test 1-64,text,true,,19156,179,2,2,https://api-staging-builder.engineer.ai/configurations,329,0,0
1676001740161,354,/topup-other-methods,200,OK,Distirbuted Load Test 1-64,text,true,,19163,179,2,2,https://api-staging-builder.engineer.ai/configurations,349,0,0
1676001739714,1138,/discovery-topup,200,OK,Distirbuted Load Test 1-66,text,true,,19156,179,2,2,https://api-staging-builder.engineer.ai/configurations,879,0,544
1676001740516,393,/order-gocar,200,OK,Distirbuted Load Test 1-64,text,true,,19163,179,2,2,https://api-staging-builder.engineer.ai/configurations,393,0,0
1676001740853,334,/discovery-promos,200,OK,Distirbuted Load Test 1-66,text,true,,19156,179,2,2,https://api-staging-builder.engineer.ai/configurations,333,0,0
1676001740910,319,/payment-methods-gocar,200,OK,Distirbuted Load Test 1-64,text,true,,19163,179,2,2,https://api-staging-builder.engineer.ai/configurations,318,0,0
1676001741188,396,/discovery-goride,200,OK,Distirbuted Load Test 1-66,text,true,,19156,179,2,2,https://api-staging-builder.engineer.ai/configurations,396,0,0
1676001741230,375,/set-pickup-location-gocar,200,OK,Distirbuted Load Test 1-64,text,true,,19163,179,2,2,https://api-staging-builder.engineer.ai/configurations,375,0,0
1676001741585,338,/discovery-gocar,200,OK,Distirbuted Load Test 1-66,text,true,,19156,179,3,3,https://api-staging-builder.engineer.ai/configurations,338,0,0
1676001741606,355,/voucher-gocar,200,OK,Distirbuted Load Test 1-64,text,true,,19163,179,2,2,https://api-staging-builder.engineer.ai/configurations,354,0,0
1676001741710,1126,/discovery-topup,200,OK,Distirbuted Load Test 1-68,text,true,,19156,179,1,1,https://api-staging-builder.engineer.ai/configurations,872,0,551
1676001742837,310,/discovery-promos,200,OK,Distirbuted Load Test 1-68,text,true,,19163,179,1,1,https://api-staging-builder.engineer.ai/configurations,309,0,0
1676001743149,351,/discovery-goride,200,OK,Distirbuted Load Test 1-68,text,true,,19156,179,1,1,https://api-staging-builder.engineer.ai/configurations,345,0,0
1676001743502,362,/discovery-gocar,200,OK,Distirbuted Load Test 1-68,text,true,,19162,179,2,2,https://api-staging-builder.engineer.ai/configurations,361,0,0
1676001743864,505,/order-goride,200,OK,Distirbuted Load Test 1-68,text,true,,19156,179,2,2,https://api-staging-builder.engineer.ai/configurations,505,0,0
1676001744370,328,/payment-methods-goride,200,OK,Distirbuted Load Test 1-68,text,true,,19163,179,2,2,https://api-staging-builder.engineer.ai/configurations,327,0,0
1676001743708,1092,/discovery-topup,200,OK,Distirbuted Load Test 1-70,text,true,,19156,179,3,3,https://api-staging-builder.engineer.ai/configurations,842,0,522
1676001744699,329,/set-pickup-location-goride,200,OK,Distirbuted Load Test 1-68,text,true,,19156,179,3,3,https://api-staging-builder.engineer.ai/configurations,329,0,0
1676001744801,513,/discovery-promos,200,OK,Distirbuted Load Test 1-70,text,true,,19163,179,3,3,https://api-staging-builder.engineer.ai/configurations,510,0,0
1676001745029,312,/voucher-goride,200,OK,Distirbuted Load Test 1-68,text,true,,19163,179,3,3,https://api-staging-builder.engineer.ai/configurations,310,0,0
1676001745315,312,/discovery-goride,200,OK,Distirbuted Load Test 1-70,text,true,,19156,179,2,2,https://api-staging-builder.engineer.ai/configurations,311,0,0
1676001744711,1102,/topup-instant,200,OK,Distirbuted Load Test 1-71,text,true,,19163,179,3,3,https://api-staging-builder.engineer.ai/configurations,846,0,530
1676001745628,324,/discovery-gocar,200,OK,Distirbuted Load Test 1-70,text,true,,19163,179,3,3,https://api-staging-builder.engineer.ai/configurations,323,0,0
1676001745814,324,/topup-other-methods,200,OK,Distirbuted Load Test 1-71,text,true,,19156,179,2,2,https://api-staging-builder.engineer.ai/configurations,324,0,0
1676001746140,345,/order-gocar,200,OK,Distirbuted Load Test 1-71,text,true,,19163,179,2,2,https://api-staging-builder.engineer.ai/configurations,343,0,0
1676001745713,1088,/discovery-topup,200,OK,Distirbuted Load Test 1-72,text,true,,19156,179,3,3,https://api-staging-builder.engineer.ai/configurations,834,0,516
1676001746486,362,/payment-methods-gocar,200,OK,Distirbuted Load Test 1-71,text,true,,19163,179,3,3,https://api-staging-builder.engineer.ai/configurations,361,0,0
1676001746804,328,/discovery-promos,200,OK,Distirbuted Load Test 1-72,text,true,,19156,179,3,3,https://api-staging-builder.engineer.ai/configurations,326,0,0
1676001746848,309,/set-pickup-location-gocar,200,OK,Distirbuted Load Test 1-71,text,true,,19163,179,3,3,https://api-staging-builder.engineer.ai/configurations,309,0,0
1676001747133,325,/discovery-goride,200,OK,Distirbuted Load Test 1-72,text,true,,19156,179,3,3,https://api-staging-builder.engineer.ai/configurations,323,0,0
1676001747158,310,/voucher-gocar,200,OK,Distirbuted Load Test 1-71,text,true,,19163,179,3,3,https://api-staging-builder.engineer.ai/configurations,309,0,0
1676001747459,393,/discovery-gocar,200,OK,Distirbuted Load Test 1-72,text,true,,19156,179,3,3,https://api-staging-builder.engineer.ai/configurations,392,0,0
1676001746715,1150,/order-goride,200,OK,Distirbuted Load Test 1-73,text,true,,19156,179,2,2,https://api-staging-builder.engineer.ai/configurations,856,0,544
1676001747865,332,/payment-methods-goride,200,OK,Distirbuted Load Test 1-73,text,true,,19163,179,2,2,https://api-staging-builder.engineer.ai/configurations,332,0,0
1676001748198,302,/set-pickup-location-goride,200,OK,Distirbuted Load Test 1-73,text,true,,19156,179,2,2,https://api-staging-builder.engineer.ai/configurations,301,0,0
1676001747711,1107,/discovery-topup,200,OK,Distirbuted Load Test 1-74,text,true,,19163,179,2,2,https://api-staging-builder.engineer.ai/configurations,848,0,521
1676001748501,318,/voucher-goride,200,OK,Distirbuted Load Test 1-73,text,true,,19156,179,2,2,https://api-staging-builder.engineer.ai/configurations,317,0,0
1676001748819,337,/discovery-promos,200,OK,Distirbuted Load Test 1-74,text,true,,19163,179,1,1,https://api-staging-builder.engineer.ai/configurations,337,0,0
1676001749157,317,/discovery-goride,200,OK,Distirbuted Load Test 1-74,text,true,,19156,179,1,1,https://api-staging-builder.engineer.ai/configurations,317,0,0
1676001749475,367,/discovery-gocar,200,OK,Distirbuted Load Test 1-74,text,true,,19163,179,2,2,https://api-staging-builder.engineer.ai/configurations,365,0,0
1676001749711,1104,/discovery-topup,200,OK,Distirbuted Load Test 1-76,text,true,,19156,179,2,2,https://api-staging-builder.engineer.ai/configurations,850,0,522
1676001750819,320,/discovery-promos,200,OK,Distirbuted Load Test 1-76,text,true,,19163,179,2,2,https://api-staging-builder.engineer.ai/configurations,320,0,0
1676001751140,336,/discovery-goride,200,OK,Distirbuted Load Test 1-76,text,true,,19156,179,2,2,https://api-staging-builder.engineer.ai/configurations,336,0,0
1676001751477,331,/discovery-gocar,200,OK,Distirbuted Load Test 1-76,text,true,,19163,179,3,3,https://api-staging-builder.engineer.ai/configurations,328,0,0
1676001750715,1130,/topup-instant,200,OK,Distirbuted Load Test 1-77,text,true,,19163,179,2,2,https://api-staging-builder.engineer.ai/configurations,869,0,529
1676001751845,329,/topup-other-methods,200,OK,Distirbuted Load Test 1-77,text,true,,19156,179,2,2,https://api-staging-builder.engineer.ai/configurations,329,0,0
1676001752175,330,/order-gocar,200,OK,Distirbuted Load Test 1-77,text,true,,19163,179,2,2,https://api-staging-builder.engineer.ai/configurations,329,0,0
1676001752506,342,/payment-methods-gocar,200,OK,Distirbuted Load Test 1-77,text,true,,19156,179,2,2,https://api-staging-builder.engineer.ai/configurations,340,0,0
1676001751714,1134,/discovery-topup,200,OK,Distirbuted Load Test 1-78,text,true,,19163,179,2,2,https://api-staging-builder.engineer.ai/configurations,872,0,534
1676001752849,339,/set-pickup-location-gocar,200,OK,Distirbuted Load Test 1-77,text,true,,19163,179,2,2,https://api-staging-builder.engineer.ai/configurations,338,0,0
1676001752849,347,/discovery-promos,200,OK,Distirbuted Load Test 1-78,text,true,,19156,179,2,2,https://api-staging-builder.engineer.ai/configurations,347,0,0
1676001753189,341,/voucher-gocar,200,OK,Distirbuted Load Test 1-77,text,true,,19156,179,2,2,https://api-staging-builder.engineer.ai/configurations,340,0,0
1676001753196,362,/discovery-goride,200,OK,Distirbuted Load Test 1-78,text,true,,19163,179,1,1,https://api-staging-builder.engineer.ai/configurations,351,0,0
1676001753559,327,/discovery-gocar,200,OK,Distirbuted Load Test 1-78,text,true,,19156,179,2,2,https://api-staging-builder.engineer.ai/configurations,327,0,0
1676001753887,347,/order-goride,200,OK,Distirbuted Load Test 1-78,text,true,,19163,179,2,2,https://api-staging-builder.engineer.ai/configurations,347,0,0
1676001754235,322,/payment-methods-goride,200,OK,Distirbuted Load Test 1-78,text,true,,19156,179,2,2,https://api-staging-builder.engineer.ai/configurations,321,0,0
1676001753713,1129,/discovery-topup,200,OK,Distirbuted Load Test 1-80,text,true,,19156,179,2,2,https://api-staging-builder.engineer.ai/configurations,871,0,546
1676001754557,337,/set-pickup-location-goride,200,OK,Distirbuted Load Test 1-78,text,true,,19162,179,2,2,https://api-staging-builder.engineer.ai/configurations,336,0,0
1676001754843,319,/discovery-promos,200,OK,Distirbuted Load Test 1-80,text,true,,19162,179,2,2,https://api-staging-builder.engineer.ai/configurations,319,0,0
1676001754895,321,/voucher-goride,200,OK,Distirbuted Load Test 1-78,text,true,,19156,179,2,2,https://api-staging-builder.engineer.ai/configurations,321,0,0
1676001755163,349,/discovery-goride,200,OK,Distirbuted Load Test 1-80,text,true,,19156,179,1,1,https://api-staging-builder.engineer.ai/configurations,348,0,0
1676001755512,367,/discovery-gocar,200,OK,Distirbuted Load Test 1-80,text,true,,19163,179,2,2,https://api-staging-builder.engineer.ai/configurations,356,0,0
1676001755714,1131,/discovery-topup,200,OK,Distirbuted Load Test 1-82,text,true,,19163,179,2,2,https://api-staging-builder.engineer.ai/configurations,873,0,534
1676001756846,325,/discovery-promos,200,OK,Distirbuted Load Test 1-82,text,true,,19156,179,2,2,https://api-staging-builder.engineer.ai/configurations,325,0,0
1676001757172,332,/discovery-goride,200,OK,Distirbuted Load Test 1-82,text,true,,19162,179,2,2,https://api-staging-builder.engineer.ai/configurations,331,0,0
1676001756714,1091,/order-goride,200,OK,Distirbuted Load Test 1-83,text,true,,19156,179,3,3,https://api-staging-builder.engineer.ai/configurations,838,0,515
1676001757505,323,/discovery-gocar,200,OK,Distirbuted Load Test 1-82,text,true,,19156,179,3,3,https://api-staging-builder.engineer.ai/configurations,323,0,0
1676001757806,310,/payment-methods-goride,200,OK,Distirbuted Load Test 1-83,text,true,,19169,179,2,2,https://api-staging-builder.engineer.ai/configurations,310,0,0
1676001758116,329,/set-pickup-location-goride,200,OK,Distirbuted Load Test 1-83,text,true,,19156,179,2,2,https://api-staging-builder.engineer.ai/configurations,328,0,0
1676001757710,1101,/discovery-topup,200,OK,Distirbuted Load Test 1-84,text,true,,19163,179,2,2,https://api-staging-builder.engineer.ai/configurations,843,0,524
1676001758445,602,/voucher-goride,200,OK,Distirbuted Load Test 1-83,text,true,,19163,179,2,2,https://api-staging-builder.engineer.ai/configurations,590,0,0
1676001758812,502,/discovery-promos,200,OK,Distirbuted Load Test 1-84,text,true,,19162,179,1,1,https://api-staging-builder.engineer.ai/configurations,500,0,0
1676001759713,1191,/discovery-topup,200,OK,Distirbuted Load Test 1-86,text,true,,19156,179,2,2,https://api-staging-builder.engineer.ai/configurations,939,0,532
1676001759315,1963,/discovery-goride,200,OK,Distirbuted Load Test 1-84,text,true,,19163,179,2,2,https://api-staging-builder.engineer.ai/configurations,1713,0,0
1676001760905,587,/discovery-promos,200,OK,Distirbuted Load Test 1-86,text,true,,19163,179,2,2,https://api-staging-builder.engineer.ai/configurations,586,0,0
1676001761493,751,/discovery-goride,200,OK,Distirbuted Load Test 1-86,text,true,,19163,179,3,3,https://api-staging-builder.engineer.ai/configurations,749,0,0
1676001761278,1095,/discovery-gocar,200,OK,Distirbuted Load Test 1-84,text,true,,19156,179,3,3,https://api-staging-builder.engineer.ai/configurations,844,0,0
1676001762374,419,/topup-instant,200,OK,Distirbuted Load Test 1-84,text,true,,19162,179,3,3,https://api-staging-builder.engineer.ai/configurations,418,0,0
1676001762245,563,/discovery-gocar,200,OK,Distirbuted Load Test 1-86,text,true,,19169,179,3,3,https://api-staging-builder.engineer.ai/configurations,559,0,0
1676001761710,1348,/discovery-topup,200,OK,Distirbuted Load Test 1-88,text,true,,19163,179,2,2,https://api-staging-builder.engineer.ai/configurations,1093,0,529
1676001762797,324,/topup-other-methods,200,OK,Distirbuted Load Test 1-84,text,true,,19163,179,2,2,https://api-staging-builder.engineer.ai/configurations,323,0,0
1676001763059,316,/discovery-promos,200,OK,Distirbuted Load Test 1-88,text,true,,19156,179,2,2,https://api-staging-builder.engineer.ai/configurations,316,0,0
1676001763122,330,/order-gocar,200,OK,Distirbuted Load Test 1-84,text,true,,19163,179,2,2,https://api-staging-builder.engineer.ai/configurations,329,0,0
1676001763376,324,/discovery-goride,200,OK,Distirbuted Load Test 1-88,text,true,,19163,179,2,2,https://api-staging-builder.engineer.ai/configurations,322,0,0
1676001763453,335,/payment-methods-gocar,200,OK,Distirbuted Load Test 1-84,text,true,,19156,179,3,3,https://api-staging-builder.engineer.ai/configurations,334,0,0
1676001763701,312,/discovery-gocar,200,OK,Distirbuted Load Test 1-88,text,true,,19156,179,3,3,https://api-staging-builder.engineer.ai/configurations,311,0,0
1676001763788,331,/set-pickup-location-gocar,200,OK,Distirbuted Load Test 1-84,text,true,,19162,179,3,3,https://api-staging-builder.engineer.ai/configurations,327,0,0
1676001764013,327,/order-goride,200,OK,Distirbuted Load Test 1-88,text,true,,19163,179,3,3,https://api-staging-builder.engineer.ai/configurations,325,0,0
1676001764120,307,/voucher-gocar,200,OK,Distirbuted Load Test 1-84,text,true,,19156,179,3,3,https://api-staging-builder.engineer.ai/configurations,306,0,0
1676001764341,485,/payment-methods-goride,200,OK,Distirbuted Load Test 1-88,text,true,,19156,179,3,3,https://api-staging-builder.engineer.ai/configurations,485,0,0
1676001763709,1395,/discovery-topup,200,OK,Distirbuted Load Test 1-90,text,true,,19163,179,3,3,https://api-staging-builder.engineer.ai/configurations,1142,0,522
1676001764827,340,/set-pickup-location-goride,200,OK,Distirbuted Load Test 1-88,text,true,,19163,179,3,3,https://api-staging-builder.engineer.ai/configurations,339,0,0
1676001765104,333,/discovery-promos,200,OK,Distirbuted Load Test 1-90,text,true,,19156,179,3,3,https://api-staging-builder.engineer.ai/configurations,332,0,0
1676001765167,326,/voucher-goride,200,OK,Distirbuted Load Test 1-88,text,true,,19156,179,3,3,https://api-staging-builder.engineer.ai/configurations,325,0,0
1676001765438,324,/discovery-goride,200,OK,Distirbuted Load Test 1-90,text,true,,19163,179,3,3,https://api-staging-builder.engineer.ai/configurations,322,0,0
1676001764713,1121,/topup-instant,200,OK,Distirbuted Load Test 1-91,text,true,,19163,179,3,3,https://api-staging-builder.engineer.ai/configurations,862,0,530
1676001765763,324,/discovery-gocar,200,OK,Distirbuted Load Test 1-90,text,true,,19156,179,3,3,https://api-staging-builder.engineer.ai/configurations,324,0,0
1676001765835,325,/topup-other-methods,200,OK,Distirbuted Load Test 1-91,text,true,,19156,179,2,2,https://api-staging-builder.engineer.ai/configurations,323,0,0
1676001766160,336,/order-gocar,200,OK,Distirbuted Load Test 1-91,text,true,,19162,179,2,2,https://api-staging-builder.engineer.ai/configurations,334,0,0
1676001766497,323,/payment-methods-gocar,200,OK,Distirbuted Load Test 1-91,text,true,,19156,179,3,3,https://api-staging-builder.engineer.ai/configurations,322,0,0
1676001765714,1124,/discovery-topup,200,OK,Distirbuted Load Test 1-92,text,true,,19163,179,3,3,https://api-staging-builder.engineer.ai/configurations,867,0,535
1676001766820,352,/set-pickup-location-gocar,200,OK,Distirbuted Load Test 1-91,text,true,,19163,179,3,3,https://api-staging-builder.engineer.ai/configurations,350,0,0
1676001766839,353,/discovery-promos,200,OK,Distirbuted Load Test 1-92,text,true,,19162,179,3,3,https://api-staging-builder.engineer.ai/configurations,349,0,0
1676001767173,341,/voucher-gocar,200,OK,Distirbuted Load Test 1-91,text,true,,19156,179,3,3,https://api-staging-builder.engineer.ai/configurations,341,0,0
1676001767193,338,/discovery-goride,200,OK,Distirbuted Load Test 1-92,text,true,,19163,179,2,2,https://api-staging-builder.engineer.ai/configurations,334,0,0
1676001766709,1093,/order-goride,200,OK,Distirbuted Load Test 1-93,text,true,,19156,179,3,3,https://api-staging-builder.engineer.ai/configurations,844,0,511
1676001767531,392,/discovery-gocar,200,OK,Distirbuted Load Test 1-92,text,true,,19156,179,3,3,https://api-staging-builder.engineer.ai/configurations,391,0,0
1676001767803,339,/payment-methods-goride,200,OK,Distirbuted Load Test 1-93,text,true,,19163,179,2,2,https://api-staging-builder.engineer.ai/configurations,338,0,0
1676001768143,331,/set-pickup-location-goride,200,OK,Distirbuted Load Test 1-93,text,true,,19156,179,2,2,https://api-staging-builder.engineer.ai/configurations,330,0,0
1676001767713,1099,/discovery-topup,200,OK,Distirbuted Load Test 1-94,text,true,,19163,179,2,2,https://api-staging-builder.engineer.ai/configurations,842,0,528
1676001768475,345,/voucher-goride,200,OK,Distirbuted Load Test 1-93,text,true,,19163,179,2,2,https://api-staging-builder.engineer.ai/configurations,344,0,0
1676001768813,330,/discovery-promos,200,OK,Distirbuted Load Test 1-94,text,true,,19156,179,1,1,https://api-staging-builder.engineer.ai/configurations,330,0,0
1676001769144,340,/discovery-goride,200,OK,Distirbuted Load Test 1-94,text,true,,19163,179,1,1,https://api-staging-builder.engineer.ai/configurations,339,0,0
1676001769485,337,/discovery-gocar,200,OK,Distirbuted Load Test 1-94,text,true,,19156,179,2,2,https://api-staging-builder.engineer.ai/configurations,337,0,0
1676001769713,1794,/discovery-topup,200,OK,Distirbuted Load Test 1-96,text,true,,19156,179,2,2,https://api-staging-builder.engineer.ai/configurations,1533,0,1215
1676001771508,315,/discovery-promos,200,OK,Distirbuted Load Test 1-96,text,true,,19163,179,3,3,https://api-staging-builder.engineer.ai/configurations,314,0,0
1676001770710,1132,/topup-instant,200,OK,Distirbuted Load Test 1-97,text,true,,19163,179,3,3,https://api-staging-builder.engineer.ai/configurations,872,0,535
1676001771824,319,/discovery-goride,200,OK,Distirbuted Load Test 1-96,text,true,,19156,179,3,3,https://api-staging-builder.engineer.ai/configurations,319,0,0
1676001771843,315,/topup-other-methods,200,OK,Distirbuted Load Test 1-97,text,true,,19156,179,3,3,https://api-staging-builder.engineer.ai/configurations,314,0,0
1676001772143,314,/discovery-gocar,200,OK,Distirbuted Load Test 1-96,text,true,,19163,179,3,3,https://api-staging-builder.engineer.ai/configurations,312,0,0
1676001772158,328,/order-gocar,200,OK,Distirbuted Load Test 1-97,text,true,,19163,179,2,2,https://api-staging-builder.engineer.ai/configurations,326,0,0
1676001772486,339,/payment-methods-gocar,200,OK,Distirbuted Load Test 1-97,text,true,,19156,179,2,2,https://api-staging-builder.engineer.ai/configurations,338,0,0
1676001771710,1127,/discovery-topup,200,OK,Distirbuted Load Test 1-98,text,true,,19163,179,2,2,https://api-staging-builder.engineer.ai/configurations,866,0,529
1676001772837,316,/discovery-promos,200,OK,Distirbuted Load Test 1-98,text,true,,19156,179,2,2,https://api-staging-builder.engineer.ai/configurations,316,0,0
1676001772826,335,/set-pickup-location-gocar,200,OK,Distirbuted Load Test 1-97,text,true,,19163,179,2,2,https://api-staging-builder.engineer.ai/configurations,334,0,0
1676001773154,329,/discovery-goride,200,OK,Distirbuted Load Test 1-98,text,true,,19163,179,2,2,https://api-staging-builder.engineer.ai/configurations,328,0,0
1676001773161,324,/voucher-gocar,200,OK,Distirbuted Load Test 1-97,text,true,,19156,179,2,2,https://api-staging-builder.engineer.ai/configurations,323,0,0
1676001773484,407,/discovery-gocar,200,OK,Distirbuted Load Test 1-98,text,true,,19156,179,2,2,https://api-staging-builder.engineer.ai/configurations,406,0,0
1676001773891,328,/order-goride,200,OK,Distirbuted Load Test 1-98,text,true,,19163,179,2,2,https://api-staging-builder.engineer.ai/configurations,327,0,0
1676001774220,322,/payment-methods-goride,200,OK,Distirbuted Load Test 1-98,text,true,,19156,179,2,2,https://api-staging-builder.engineer.ai/configurations,321,0,0
1676001773711,1118,/discovery-topup,200,OK,Distirbuted Load Test 1-100,text,true,,19156,179,2,2,https://api-staging-builder.engineer.ai/configurations,859,0,529
1676001774543,363,/set-pickup-location-goride,200,OK,Distirbuted Load Test 1-98,text,true,,19163,179,2,2,https://api-staging-builder.engineer.ai/configurations,363,0,0
1676001774830,343,/discovery-promos,200,OK,Distirbuted Load Test 1-100,text,true,,19163,179,2,2,https://api-staging-builder.engineer.ai/configurations,342,0,0
1676001774907,359,/voucher-goride,200,OK,Distirbuted Load Test 1-98,text,true,,19156,179,2,2,https://api-staging-builder.engineer.ai/configurations,358,0,0
1676001775173,348,/discovery-goride,200,OK,Distirbuted Load Test 1-100,text,true,,19156,179,1,1,https://api-staging-builder.engineer.ai/configurations,347,0,0
1676001775522,321,/discovery-gocar,200,OK,Distirbuted Load Test 1-100,text,true,,19163,179,1,1,https://api-staging-builder.engineer.ai/configurations,321,0,0
